dt_local,lf_sys,stwpf,wgrpp,stppf,temp_fcst,temp_act,wind,solar,outage_total,outage_houston,outage_irr
2026-07-06 00:00:00,61460.51,11101.0,9499.8,0.0,23.8,29.4,10949.0,0.0,6565.0,1266.0,5050.0
2026-07-06 01:00:00,58385.55,10408.9,8813.0,0.0,25.9,28.3,8940.0,0.0,6565.0,1266.0,5050.0
2026-07-06 02:00:00,56081.25,9378.6,7822.1,0.0,25.7,27.8,7268.0,0.0,6565.0,1266.0,5050.0
2026-07-06 03:00:00,54726.22,8382.1,6891.7,0.0,25.5,27.5,6760.0,0.0,6565.0,1266.0,5050.0
2026-07-06 04:00:00,54353.32,7635.3,6207.3,0.0,25.4,27.2,6773.0,0.0,6565.0,1266.0,5050.0
2026-07-06 05:00:00,54970.53,6724.1,5396.3,0.0,25.2,26.8,6049.0,0.0,6565.0,1266.0,5050.0
2026-07-06 06:00:00,55888.4,5640.8,4431.3,209.6,25.5,26.5,5016.0,183.0,6565.0,1266.0,5050.0
2026-07-06 07:00:00,56903.09,4484.0,3370.8,5934.8,25.7,26.8,3715.0,6677.0,6565.0,1266.0,5050.0
2026-07-06 08:00:00,60123.59,3408.0,2369.9,18636.4,26.6,28.2,2475.0,19796.0,6663.0,1266.0,5077.0
2026-07-06 09:00:00,64275.98,2859.2,1844.2,26114.2,27.9,30.0,2274.0,25318.0,6716.0,1266.0,5248.0
2026-07-06 10:00:00,68913.72,2445.3,1443.0,29169.9,29.2,31.5,1684.0,28805.0,6716.0,1266.0,5248.0
2026-07-06 11:00:00,73456.45,2095.1,1102.0,31596.5,30.3,33.2,1263.0,30916.0,6640.0,1266.0,5139.0
2026-07-06 12:00:00,77413.41,2044.4,1042.3,32380.9,32.3,35.0,1681.0,31004.0,6721.0,1380.0,5107.0
2026-07-06 13:00:00,80696.75,2385.1,1355.6,31737.0,33.4,32.3,2741.0,30831.0,6721.0,1380.0,5107.0
2026-07-06 14:00:00,82415.78,3073.2,1995.4,31594.1,34.4,33.4,3232.0,30812.0,6721.0,1380.0,5107.0
2026-07-06 15:00:00,82979.69,3885.4,2725.7,30816.5,35.1,33.7,4263.0,29058.0,6721.0,1380.0,5107.0
2026-07-06 16:00:00,83116.39,4758.2,3499.6,27776.6,35.6,33.0,6262.0,27356.0,6509.0,1266.0,5057.0
2026-07-06 17:00:00,82651.18,5813.9,4398.9,25320.2,35.2,33.5,8596.0,27413.0,6505.0,1266.0,5057.0
2026-07-06 18:00:00,81568.33,7130.8,5483.5,20581.9,33.9,34.0,11199.0,22904.0,6505.0,1266.0,4834.0
2026-07-06 19:00:00,79432.0,8527.7,6675.4,10255.9,33.0,31.2,12661.0,10471.0,6505.0,1266.0,4834.0
2026-07-06 20:00:00,76425.92,10057.2,8031.5,1112.3,30.6,30.7,11910.0,1100.0,6505.0,1266.0,4714.0
2026-07-06 21:00:00,73980.78,11796.6,9640.3,0.0,28.7,30.1,11382.0,1.0,6505.0,1266.0,4914.0
2026-07-06 22:00:00,70018.82,13381.6,11106.8,0.0,27.5,29.7,10655.0,1.0,6505.0,1266.0,4903.0
2026-07-06 23:00:00,65884.97,14056.6,11702.5,0.0,26.9,29.2,10495.0,1.0,5761.0,1266.0,4868.0
2026-07-07 00:00:00,61812.21,12804.0,11107.2,0.0,26.4,28.3,9895.0,1.0,6634.0,1278.0,6039.0
2026-07-07 01:00:00,58800.15,12912.9,11201.3,0.0,25.8,27.4,9370.0,1.0,6634.0,1278.0,6039.0
2026-07-07 02:00:00,56489.53,12437.6,10738.0,0.0,25.5,27.1,9178.0,1.0,6634.0,1278.0,6039.0
2026-07-07 03:00:00,54988.77,11670.2,10004.6,0.0,25.3,26.8,8610.0,0.0,6786.0,1278.0,6039.0
2026-07-07 04:00:00,54523.28,10696.0,9061.5,0.0,25.1,26.6,8069.0,0.0,6915.0,1278.0,6039.0
2026-07-07 05:00:00,55421.29,9586.1,7973.4,0.0,24.9,26.3,7284.0,1.0,6773.0,1288.0,6271.0
2026-07-07 06:00:00,56411.95,8531.6,6976.8,212.8,24.7,26.1,6403.0,199.0,6744.0,1288.0,5808.0
2026-07-07 07:00:00,57306.05,7018.0,5610.6,6434.4,24.5,26.1,5781.0,7138.0,6894.0,1288.0,6161.0
2026-07-07 08:00:00,60384.29,5336.6,4124.1,20478.9,26.4,27.6,4072.0,22091.0,6969.0,1288.0,5929.0
2026-07-07 09:00:00,64601.21,4604.4,3459.5,28321.7,27.9,29.2,4306.0,28476.0,7658.0,1628.0,5929.0
2026-07-07 10:00:00,69151.64,4137.6,3022.1,31275.7,28.7,30.6,4328.0,31159.0,8009.0,1828.0,6049.0
2026-07-07 11:00:00,73670.04,3495.4,2417.8,32824.2,29.5,31.9,4374.0,31159.0,8009.0,1828.0,6045.0
2026-07-07 12:00:00,77790.56,3296.2,2226.1,33109.2,30.4,33.2,4357.0,29839.0,7879.0,1818.0,6012.0
2026-07-07 13:00:00,81248.05,3664.8,2563.3,31283.6,31.3,26.8,4100.0,29405.0,7848.0,1818.0,5767.0
2026-07-07 14:00:00,82856.53,4289.6,3109.2,31114.9,32.1,28.4,5282.0,28935.0,7848.0,1818.0,5767.0
2026-07-07 15:00:00,83643.06,5125.1,3841.7,30215.6,32.7,30.7,6274.0,28099.0,7648.0,1618.0,5767.0
2026-07-07 16:00:00,83876.97,6200.9,4740.8,27764.3,32.1,31.8,7275.0,27517.0,7213.0,1258.0,5737.0
2026-07-07 17:00:00,83424.15,7411.1,5734.0,25151.3,26.1,32.5,7668.0,26001.0,7063.0,1258.0,5482.0
2026-07-07 18:00:00,82260.99,8881.0,7025.4,20349.7,27.8,32.6,8494.0,21951.0,6963.0,1258.0,5360.0
2026-07-07 19:00:00,80154.62,10538.6,8526.6,9919.4,30.5,29.2,10093.0,11473.0,6963.0,1258.0,5132.0
2026-07-07 20:00:00,77077.32,12235.9,10105.0,1052.1,29.5,27.5,12321.0,1274.0,6963.0,1258.0,5043.0
2026-07-07 21:00:00,74584.7,14420.6,12146.6,0.0,27.9,26.3,13822.0,1.0,6963.0,1258.0,5275.0
2026-07-07 22:00:00,70774.14,16489.2,14107.5,0.0,27.1,25.9,15830.0,0.0,6963.0,1258.0,5275.0
2026-07-07 23:00:00,66793.22,17724.1,15289.7,0.0,22.1,25.7,17031.0,0.0,5838.0,1219.0,5201.0
2026-07-08 00:00:00,63110.03,17385.0,15614.1,0.0,22.9,25.8,18204.0,0.0,6148.0,1333.0,5870.0
2026-07-08 01:00:00,59825.82,17298.0,15512.2,0.0,25.8,24.6,18860.0,0.0,6148.0,1333.0,5870.0
2026-07-08 02:00:00,57399.14,16857.0,15059.3,0.0,25.4,24.8,17561.0,0.0,6148.0,1333.0,5870.0
2026-07-08 03:00:00,55795.97,16576.8,14770.4,0.0,25.1,25.0,17298.0,0.0,6277.0,1333.0,5870.0
2026-07-08 04:00:00,55123.53,16082.2,14277.2,0.0,25.0,25.0,17621.0,0.0,6365.0,1333.0,5620.0
2026-07-08 05:00:00,55706.76,15392.1,13605.3,0.0,24.9,24.7,17169.0,0.0,6324.0,1333.0,5620.0
2026-07-08 06:00:00,56542.92,14765.6,12985.4,207.8,24.6,24.7,16220.0,188.0,6281.0,1378.0,4889.0
2026-07-08 07:00:00,57233.45,13336.8,11595.5,6574.7,25.5,24.9,15085.0,7606.0,6513.0,1378.0,5117.0
2026-07-08 08:00:00,60481.39,11875.1,10165.2,21330.2,27.3,26.4,12400.0,22800.0,6848.0,1638.0,5142.0
2026-07-08 09:00:00,65088.95,11777.2,10053.2,29497.5,28.5,28.0,13627.0,29073.0,7198.0,1998.0,5142.0
2026-07-08 10:00:00,70058.77,11504.5,9767.0,32291.9,29.8,29.6,12662.0,32058.0,7198.0,1998.0,5142.0
2026-07-08 11:00:00,74909.83,10644.9,8889.2,33650.4,30.8,30.6,11091.0,33307.0,7198.0,1998.0,5142.0
2026-07-08 12:00:00,79093.68,10184.5,8412.4,33974.3,31.7,31.4,10322.0,33144.0,7198.0,1998.0,5111.0
2026-07-08 13:00:00,82582.97,10520.6,8715.0,33130.1,31.8,29.0,10331.0,31493.0,7178.0,1998.0,5111.0
2026-07-08 14:00:00,84350.95,11402.2,9564.0,33101.0,32.6,31.3,10792.0,29917.0,7178.0,1998.0,5111.0
2026-07-08 15:00:00,85069.27,12399.5,10497.4,32410.7,33.4,32.2,10958.0,28786.0,7028.0,1848.0,5111.0
2026-07-08 16:00:00,85143.2,13636.8,11637.5,30678.9,34.0,32.1,12105.0,28597.0,6493.0,1388.0,5111.0
2026-07-08 17:00:00,84886.44,14962.4,12857.2,28377.5,29.7,30.7,13703.0,27473.0,6193.0,1388.0,5076.0
2026-07-08 18:00:00,84128.37,16297.0,14098.4,23340.4,24.0,30.7,14916.0,24261.0,6098.0,1388.0,5061.0
2026-07-08 19:00:00,82239.21,17655.8,15395.7,11531.1,27.1,29.8,16473.0,12674.0,6098.0,1388.0,4833.0
2026-07-08 20:00:00,79051.88,18854.9,16534.6,1215.8,26.6,29.0,17843.0,1303.0,6224.0,1388.0,5149.0
2026-07-08 21:00:00,76498.28,20651.7,18290.3,0.0,26.1,28.0,19802.0,1.0,6098.0,1388.0,5126.0
2026-07-08 22:00:00,72520.28,22252.5,19900.8,0.0,26.1,27.7,20891.0,0.0,6098.0,1388.0,5115.0
2026-07-08 23:00:00,68188.17,22753.0,20393.9,0.0,25.9,27.5,21300.0,0.0,5766.0,1184.0,5115.0
2026-07-09 00:00:00,64332.87,23566.0,21764.5,0.0,25.8,27.0,21964.0,1.0,6130.0,1343.0,5197.0
2026-07-09 01:00:00,61330.57,23346.7,21512.3,0.0,25.3,26.4,22171.0,1.0,6130.0,1343.0,5197.0
2026-07-09 02:00:00,59101.63,22799.4,20906.6,0.0,25.0,26.0,22146.0,1.0,6130.0,1343.0,5197.0
2026-07-09 03:00:00,57614.27,22226.3,20277.0,0.0,24.8,25.7,22514.0,1.0,6180.0,1343.0,5674.0
2026-07-09 04:00:00,56984.06,21467.2,19498.6,0.0,24.6,25.4,22464.0,1.0,6230.0,1343.0,5463.0
2026-07-09 05:00:00,57463.87,20712.9,18736.0,0.0,24.4,25.2,22169.0,1.0,6230.0,1343.0,5288.0
2026-07-09 06:00:00,58301.43,19970.3,17995.8,219.1,24.3,25.1,21014.0,205.0,6543.0,1343.0,4774.0
2026-07-09 07:00:00,59115.55,18463.7,16514.8,7023.8,24.6,25.1,18790.0,8293.0,6493.0,1343.0,4809.0
2026-07-09 08:00:00,62036.19,17435.4,15492.7,22534.2,26.4,26.4,15597.0,24531.0,6751.0,1386.0,4833.0
2026-07-09 09:00:00,66244.1,17588.6,15618.7,30866.3,27.6,28.1,15375.0,30538.0,7270.0,1746.0,4833.0
2026-07-09 10:00:00,70786.55,17247.4,15267.1,33666.2,28.7,29.4,15250.0,32196.0,7270.0,1746.0,4833.0
2026-07-09 11:00:00,75328.09,16768.9,14777.1,34697.9,29.6,30.4,14628.0,33282.0,7270.0,1746.0,4833.0
2026-07-09 12:00:00,79411.31,16765.5,14746.7,34797.2,30.7,31.3,14282.0,33970.0,7270.0,1746.0,4802.0
2026-07-09 13:00:00,82828.68,17202.5,15143.1,33850.8,32.4,32.4,14053.0,33899.0,7270.0,1746.0,4802.0
2026-07-09 14:00:00,84175.99,18014.1,15915.8,33941.1,32.8,32.8,15747.0,32897.0,7057.0,1746.0,4802.0
2026-07-09 15:00:00,84574.03,18966.6,16819.7,33700.3,32.6,32.0,17038.0,30924.0,7157.0,1846.0,4802.0
2026-07-09 16:00:00,84368.42,19995.2,17817.7,33155.9,31.9,30.6,18369.0,28563.0,6579.0,1343.0,4768.0
2026-07-09 17:00:00,83728.39,21059.9,18853.0,31597.1,32.0,31.8,19120.0,26169.0,6579.0,1343.0,4733.0
2026-07-09 18:00:00,83009.89,22128.3,19902.1,26748.0,30.9,31.3,19440.0,21776.0,6476.0,1343.0,4626.0
2026-07-09 19:00:00,81581.41,22482.3,20242.6,12464.7,29.4,30.8,20263.0,10815.0,6476.0,1343.0,4626.0
2026-07-09 20:00:00,79022.87,22630.2,20371.7,1269.0,27.7,29.4,20751.0,1214.0,6286.0,1343.0,5001.0
2026-07-09 21:00:00,76722.66,23461.1,21252.4,0.0,26.8,28.2,21279.0,1.0,6286.0,1343.0,5073.0
2026-07-09 22:00:00,72994.57,24365.5,22231.4,0.0,26.2,27.5,22020.0,0.0,6286.0,1343.0,5073.0
2026-07-09 23:00:00,68910.84,24659.0,22512.1,0.0,25.9,27.1,22827.0,1.0,6082.0,1139.0,5073.0
2026-07-10 00:00:00,64953.15,24977.7,23336.2,0.0,25.8,26.7,22774.0,1.0,8805.0,1778.0,4923.0
2026-07-10 01:00:00,61779.29,24562.7,22848.6,0.0,25.6,26.0,22006.0,1.0,8805.0,1778.0,4923.0
2026-07-10 02:00:00,59291.04,22089.3,22089.3,0.0,25.3,25.8,21983.0,1.0,8805.0,1778.0,4923.0
2026-07-10 03:00:00,57821.13,21332.5,21332.5,0.0,25.1,25.5,21528.0,1.0,8805.0,1778.0,4923.0
2026-07-10 04:00:00,57280.41,20308.1,20308.1,0.0,25.1,25.4,20422.0,1.0,8805.0,1778.0,4923.0
2026-07-10 05:00:00,57642.12,19053.3,19053.3,0.0,25.0,25.3,18802.0,0.0,8805.0,1778.0,4892.0
2026-07-10 06:00:00,58368.2,17447.5,17447.5,197.5,24.7,25.2,17188.0,183.0,8715.0,1778.0,4628.0
2026-07-10 07:00:00,59247.52,15330.8,15330.8,6298.3,25.1,24.7,15588.0,7017.0,7869.0,1778.0,4628.0
2026-07-10 08:00:00,62203.62,14453.4,14453.4,20266.3,26.6,24.8,14543.0,21063.0,7912.0,1821.0,4428.0
2026-07-10 09:00:00,66109.01,14814.2,14814.2,27971.8,28.2,25.3,16058.0,26048.0,8217.0,2171.0,4428.0
2026-07-10 10:00:00,70432.51,14739.4,14739.4,31313.7,29.0,27.1,16373.0,28338.0,8216.0,2171.0,4428.0
2026-07-10 11:00:00,74379.41,14885.5,14885.5,32421.4,29.2,29.5,16490.0,29012.0,8072.0,2171.0,4428.0
2026-07-10 12:00:00,78125.7,17287.1,15249.8,32683.0,30.5,30.7,16457.0,28825.0,8072.0,2171.0,4428.0
2026-07-10 13:00:00,81143.07,17756.8,15689.6,30803.7,27.1,27.1,16308.0,29046.0,8072.0,2171.0,4428.0
2026-07-10 14:00:00,82407.29,18376.5,16271.4,30563.7,28.1,30.5,17116.0,29556.0,8063.0,2171.0,4428.0
2026-07-10 15:00:00,82513.81,18919.7,16773.8,29577.8,28.4,31.3,18520.0,29488.0,8063.0,2171.0,4428.0
2026-07-10 16:00:00,82322.06,19601.0,17420.3,28217.0,24.8,31.5,18719.0,28580.0,7703.0,1811.0,4428.0
2026-07-10 17:00:00,81723.29,20342.1,18142.2,26146.3,28.1,30.5,19829.0,26930.0,7377.0,1758.0,4407.0
2026-07-10 18:00:00,80732.49,21033.8,18798.0,21724.8,28.7,30.8,19452.0,22500.0,7349.0,1758.0,4121.0
2026-07-10 19:00:00,78860.78,21403.0,19142.6,11320.7,29.5,29.5,19691.0,12373.0,7349.0,1758.0,3941.0
2026-07-10 20:00:00,76324.46,21503.3,19209.6,1231.8,28.0,28.8,19546.0,1397.0,7349.0,1758.0,4195.0
2026-07-10 21:00:00,74377.46,21722.3,19392.6,0.0,27.0,27.8,19263.0,5.0,7317.0,1758.0,4234.0
2026-07-10 22:00:00,71386.35,22279.8,19928.4,0.0,26.7,27.3,19562.0,0.0,7317.0,1758.0,4214.0
2026-07-10 23:00:00,68032.68,22163.9,19761.8,0.0,26.6,26.8,19644.0,0.0,6690.0,1758.0,4014.0
2026-07-11 00:00:00,63088.94,21312.0,19381.7,0.0,26.4,26.4,16902.0,0.0,8707.0,1854.0,4508.0
2026-07-11 01:00:00,60092.68,18357.6,18357.6,0.0,26.4,26.0,14295.0,0.0,8707.0,1854.0,4508.0
2026-07-11 02:00:00,57738.25,17072.3,17072.3,0.0,26.1,25.7,13242.0,0.0,7852.0,1854.0,4508.0
2026-07-11 03:00:00,56107.59,15649.0,15649.0,0.0,26.0,25.6,12875.0,0.0,7852.0,1854.0,4508.0
2026-07-11 04:00:00,54941.86,14042.6,14042.6,0.0,25.8,24.6,11572.0,0.0,7852.0,1854.0,4508.0
2026-07-11 05:00:00,54281.78,12366.5,12366.5,0.0,25.7,24.5,10436.0,0.0,7852.0,1854.0,4508.0
2026-07-11 06:00:00,53861.81,10588.7,10588.7,173.9,25.4,24.1,9562.0,148.0,7852.0,1854.0,4345.0
2026-07-11 07:00:00,54555.98,8497.4,8497.4,5525.1,25.5,24.0,8117.0,5730.0,8002.0,1854.0,4145.0
2026-07-11 08:00:00,58179.31,7212.2,7212.2,17865.7,25.2,25.2,6875.0,18410.0,8002.0,1854.0,4042.0
2026-07-11 09:00:00,62726.82,6688.2,6688.2,25494.7,26.7,26.4,7662.0,24873.0,8002.0,1854.0,4042.0
2026-07-11 10:00:00,67324.98,5744.0,5744.0,28971.1,27.4,28.3,7108.0,27189.0,8002.0,1854.0,4042.0
2026-07-11 11:00:00,71655.43,5059.2,5059.2,30695.6,28.4,29.6,6016.0,29326.0,8002.0,1854.0,4042.0
2026-07-11 12:00:00,75227.44,4973.8,4973.8,31104.1,29.3,30.6,5676.0,29749.0,7649.0,1801.0,4042.0
2026-07-11 13:00:00,77908.4,6675.7,5195.4,29381.1,25.3,30.1,4970.0,28963.0,7649.0,1801.0,4042.0
2026-07-11 14:00:00,79477.38,7324.5,5725.5,28762.6,25.0,29.8,5137.0,26175.0,7676.0,1828.0,4042.0
2026-07-11 15:00:00,80377.25,8438.1,6694.6,27524.6,26.4,29.1,6457.0,24465.0,7676.0,1828.0,4042.0
2026-07-11 16:00:00,80501.65,9786.7,7922.8,25586.6,26.9,29.9,8184.0,24385.0,7676.0,1828.0,4042.0
2026-07-11 17:00:00,80012.14,11055.7,9113.6,23045.6,26.0,27.5,9467.0,23808.0,7453.0,1828.0,4042.0
2026-07-11 18:00:00,78753.24,12430.9,10392.9,18389.8,25.9,26.1,10789.0,20479.0,7389.0,1801.0,4042.0
2026-07-11 19:00:00,76536.48,13562.5,11414.1,9089.7,27.4,28.4,12424.0,10144.0,7239.0,1801.0,4042.0
2026-07-11 20:00:00,73712.1,14458.7,12226.3,965.7,26.8,27.7,13541.0,1102.0,7239.0,1801.0,4126.0
2026-07-11 21:00:00,71864.95,15371.6,13063.3,0.0,26.0,27.1,14753.0,0.0,7239.0,1801.0,4126.0
2026-07-11 22:00:00,68938.11,15837.4,13468.1,0.0,25.7,26.6,15213.0,0.0,7239.0,1801.0,4079.0
2026-07-11 23:00:00,65527.21,15757.6,13346.0,0.0,25.5,26.3,14214.0,0.0,5720.0,1147.0,4068.0
2026-07-12 00:00:00,61057.87,15044.3,13366.6,0.0,25.2,26.1,13544.0,0.0,7304.0,1389.0,4587.0
2026-07-12 01:00:00,58338.75,13749.7,12092.6,0.0,26.1,26.1,13817.0,0.0,7304.0,1389.0,4587.0
2026-07-12 02:00:00,56142.43,12133.3,10489.4,0.0,25.9,26.6,13316.0,0.0,7304.0,1389.0,4587.0
2026-07-12 03:00:00,54695.43,10489.2,8893.2,0.0,25.8,26.2,12650.0,0.0,7304.0,1389.0,4587.0
2026-07-12 04:00:00,53591.75,8875.6,7350.3,0.0,25.5,25.8,10838.0,0.0,7304.0,1389.0,4587.0
2026-07-12 05:00:00,52791.12,7436.8,6027.4,0.0,25.3,25.6,8621.0,0.0,7304.0,1389.0,4587.0
2026-07-12 06:00:00,52133.35,6120.0,4862.2,142.0,25.1,25.5,6634.0,49.0,7304.0,1389.0,4503.0
2026-07-12 07:00:00,52689.42,4798.7,3669.5,4916.1,24.9,25.7,5054.0,3791.0,7304.0,1389.0,4503.0
2026-07-12 08:00:00,56083.25,3946.7,2877.7,16772.9,26.6,27.1,4524.0,14793.0,7304.0,1389.0,4503.0
2026-07-12 09:00:00,60224.65,3782.1,2710.9,24178.6,28.0,28.4,4836.0,22079.0,7304.0,1389.0,4503.0
2026-07-12 10:00:00,64286.87,3661.6,2588.2,27670.1,29.2,29.8,3868.0,25248.0,7304.0,1389.0,4503.0
2026-07-12 11:00:00,68295.0,3739.5,2654.9,29201.4,29.6,30.8,3347.0,26635.0,7304.0,1389.0,4503.0
2026-07-12 12:00:00,71662.93,4267.5,3129.1,29522.1,30.1,30.4,3757.0,27841.0,7304.0,1389.0,4503.0
2026-07-12 13:00:00,74330.77,5011.9,3782.0,27963.9,27.9,31.9,5481.0,27721.0,7304.0,1389.0,4503.0
2026-07-12 14:00:00,76345.33,6013.8,4632.6,27038.9,29.1,29.6,7086.0,26284.0,7304.0,1389.0,4503.0
2026-07-12 15:00:00,77425.97,7318.1,5714.2,24961.9,29.4,29.8,8722.0,23559.0,7304.0,1389.0,4503.0
2026-07-12 16:00:00,77620.18,8789.8,7007.1,21795.1,27.9,29.5,10760.0,21270.0,7304.0,1389.0,4503.0
2026-07-12 17:00:00,76877.07,10109.2,8220.5,18600.5,27.8,28.8,12488.0,19049.0,7304.0,1389.0,4503.0
2026-07-12 18:00:00,74902.37,11110.8,9155.9,14308.9,28.3,28.5,13771.0,14082.0,7304.0,1389.0,4503.0
2026-07-12 19:00:00,72919.68,11748.6,9726.6,7053.5,24.7,28.1,14685.0,6322.0,7304.0,1389.0,4503.0
2026-07-12 20:00:00,70771.28,11595.4,9532.2,787.4,24.8,27.6,13756.0,599.0,7304.0,1389.0,4503.0
2026-07-12 21:00:00,69081.76,11188.6,9098.4,0.0,24.5,27.0,11640.0,0.0,7304.0,1389.0,4503.0
2026-07-12 22:00:00,65793.43,11101.5,8971.6,0.0,24.4,26.9,9995.0,0.0,6969.0,1389.0,4503.0
2026-07-12 23:00:00,62012.7,10353.4,8235.8,0.0,24.2,26.9,8864.0,0.0,6841.0,1377.0,4503.0
2026-07-13 00:00:00,58384.1,9393.3,7884.3,0.0,24.3,26.9,8228.0,0.0,6914.0,1390.0,5067.0
2026-07-13 01:00:00,55744.38,8203.7,6770.1,0.0,25.2,26.7,6982.0,0.0,6914.0,1390.0,5067.0
2026-07-13 02:00:00,53825.08,7053.0,5729.1,0.0,25.0,26.4,5440.0,0.0,6914.0,1390.0,5067.0
2026-07-13 03:00:00,52728.67,6168.5,4946.4,0.0,25.0,26.0,4258.0,0.0,6914.0,1390.0,5067.0
2026-07-13 04:00:00,52684.08,5315.6,4169.1,0.0,25.1,26.1,3212.0,0.0,6914.0,1390.0,5067.0
2026-07-13 05:00:00,53559.27,4527.7,3440.8,0.0,25.2,26.0,3123.0,0.0,6914.0,1390.0,5067.0
2026-07-13 06:00:00,54864.81,3917.8,2871.2,104.0,25.1,25.1,2995.0,49.0,6914.0,1390.0,5067.0
2026-07-13 07:00:00,56057.65,3225.3,2215.5,3440.0,24.8,25.9,2649.0,3224.0,7159.0,1435.0,5306.0
2026-07-13 08:00:00,58795.21,2872.9,1876.7,10849.9,25.6,27.2,2402.0,11343.0,7659.0,1445.0,5306.0
2026-07-13 09:00:00,61844.11,3091.0,2070.5,16277.6,26.7,27.8,2931.0,15418.0,7428.0,1435.0,5206.0
2026-07-13 10:00:00,65012.82,3223.9,2185.0,19268.2,28.1,29.0,3479.0,16364.0,7498.0,1435.0,5508.0
2026-07-13 11:00:00,68242.46,3432.4,2370.1,21406.2,24.9,30.2,3905.0,16945.0,7586.0,1435.0,5042.0
2026-07-13 12:00:00,70880.27,3895.1,2787.0,22786.1,25.5,30.6,4110.0,19062.0,7480.0,1435.0,5086.0
2026-07-13 13:00:00,73052.09,4503.1,3328.5,23179.4,30.1,26.0,4651.0,20110.0,7382.0,1435.0,5056.0
2026-07-13 14:00:00,74096.28,5280.9,4004.2,22583.3,26.4,25.1,5909.0,18829.0,7382.0,1435.0,5056.0
2026-07-13 15:00:00,74441.76,6192.1,4763.8,20895.9,25.8,25.1,6885.0,19052.0,7284.0,1435.0,5056.0
2026-07-13 16:00:00,74482.32,7106.9,5506.0,19308.3,28.3,25.5,7954.0,19238.0,7284.0,1435.0,5056.0
2026-07-13 17:00:00,73841.1,7996.8,6252.9,16398.5,29.7,25.4,9266.0,17061.0,7268.0,1425.0,5056.0
2026-07-13 18:00:00,72541.05,8627.9,6806.7,12441.7,29.6,25.7,10653.0,13852.0,7268.0,1425.0,4863.0
2026-07-13 19:00:00,70802.6,8864.1,6995.3,6240.6,27.9,25.2,11452.0,7791.0,7268.0,1425.0,4863.0
2026-07-13 20:00:00,68831.68,9137.9,7218.9,718.7,26.7,25.2,11411.0,991.0,6992.0,1349.0,5103.0
2026-07-13 21:00:00,67167.56,9268.6,7311.0,0.0,26.1,24.9,11656.0,0.0,6992.0,1349.0,5132.0
2026-07-13 22:00:00,63906.69,9065.6,7110.9,0.0,25.3,24.8,10927.0,0.0,6992.0,1349.0,5121.0
2026-07-13 23:00:00,60425.51,8569.5,6650.7,0.0,24.9,25.0,9742.0,0.0,5318.0,1269.0,5077.0
2026-07-14 00:00:00,56501.31,8009.3,6606.6,0.0,24.4,25.0,8887.0,0.0,5527.0,1285.0,4843.0
2026-07-14 01:00:00,53960.78,6982.0,5677.4,0.0,24.9,24.5,7500.0,0.0,5527.0,1285.0,4843.0
2026-07-14 02:00:00,51974.9,5988.9,4795.8,0.0,24.8,24.7,6119.0,0.0,5527.0,1285.0,4843.0
2026-07-14 03:00:00,50910.8,5316.7,4181.4,0.0,24.8,24.0,5306.0,0.0,5527.0,1285.0,4843.0
2026-07-14 04:00:00,50814.6,4717.8,3625.4,0.0,24.8,23.2,4715.0,0.0,5527.0,1285.0,4843.0
2026-07-14 05:00:00,51743.64,4298.6,3227.8,0.0,24.7,23.1,4357.0,0.0,5537.0,1295.0,4843.0
2026-07-14 06:00:00,53514.2,4079.3,3021.3,96.0,24.7,22.9,3914.0,48.0,6317.0,1295.0,4624.0
2026-07-14 07:00:00,54309.48,3916.7,2862.1,3074.7,24.8,23.3,3388.0,2583.0,6327.0,1295.0,4624.0
2026-07-14 08:00:00,56106.25,4171.3,3086.0,10077.4,23.8,23.6,3120.0,8237.0,6339.0,1305.0,4420.0
2026-07-14 09:00:00,58260.0,4894.6,3731.8,14998.7,24.5,23.4,4002.0,13094.0,6760.0,1664.0,4420.0
2026-07-14 10:00:00,60517.66,5527.0,4277.4,18222.5,25.0,23.4,5633.0,16373.0,7065.0,1969.0,4420.0
2026-07-14 11:00:00,62926.34,6196.1,4843.4,20073.3,23.5,22.4,7344.0,17166.0,7065.0,1969.0,4420.0
2026-07-14 12:00:00,65226.4,6945.0,5457.5,21696.0,23.9,22.5,8005.0,18550.0,6760.0,1664.0,4420.0
2026-07-14 13:00:00,67318.52,7746.3,6126.0,22607.6,25.8,23.9,9075.0,19771.0,6750.0,1654.0,4420.0
2026-07-14 14:00:00,68450.22,8690.4,6967.6,22373.7,25.9,23.7,10751.0,20328.0,6750.0,1654.0,4420.0
2026-07-14 15:00:00,69353.31,9718.8,7909.9,20581.4,26.5,24.0,11887.0,19152.0,6740.0,1644.0,4420.0
2026-07-14 16:00:00,69829.5,10766.5,8890.9,19113.0,26.5,24.4,14558.0,17801.0,6378.0,1284.0,4392.0
2026-07-14 17:00:00,69720.69,11699.4,9771.9,16240.4,27.2,24.8,15467.0,16578.0,6303.0,1284.0,4392.0
2026-07-14 18:00:00,68890.65,12251.1,10259.9,12283.8,27.1,25.3,16161.0,13169.0,5485.0,1284.0,4330.0
2026-07-14 19:00:00,67500.2,12354.2,10309.1,6546.1,26.7,26.4,14784.0,7110.0,5485.0,1284.0,4310.0
2026-07-14 20:00:00,65941.47,12173.3,10087.6,792.5,26.2,25.8,11525.0,945.0,5485.0,1284.0,4297.0
2026-07-14 21:00:00,64711.22,11574.7,9465.7,0.0,25.8,25.3,8685.0,0.0,5485.0,1284.0,4576.0
2026-07-14 22:00:00,61808.13,11027.1,8899.6,0.0,25.4,25.1,7766.0,0.0,5485.0,1284.0,4576.0
2026-07-14 23:00:00,58658.31,10231.5,8124.2,0.0,25.3,24.9,8006.0,0.0,5109.0,1239.0,4325.0
2026-07-15 00:00:00,56164.39,8893.9,7421.8,0.0,25.0,24.9,8554.0,0.0,6051.0,1318.0,5014.0
2026-07-15 01:00:00,54195.9,7973.2,6559.2,0.0,24.3,24.5,8368.0,0.0,6051.0,1318.0,5014.0
2026-07-15 02:00:00,52735.37,7077.0,5748.8,0.0,24.1,24.7,7657.0,0.0,6051.0,1318.0,5014.0
2026-07-15 03:00:00,51998.47,6392.5,5142.9,0.0,24.2,24.7,6731.0,0.0,6051.0,1318.0,5014.0
2026-07-15 04:00:00,51946.0,5953.2,4744.5,0.0,24.1,24.2,5867.0,0.0,6051.0,1318.0,5014.0
2026-07-15 05:00:00,52856.18,5789.6,4583.5,0.0,24.3,24.2,5937.0,0.0,6051.0,1318.0,5014.0
2026-07-15 06:00:00,54173.79,5713.7,4504.8,93.9,24.2,24.3,6180.0,72.0,6051.0,1318.0,4647.0
2026-07-15 07:00:00,55226.13,5404.4,4218.5,2886.6,23.1,24.1,5875.0,3066.0,6041.0,1318.0,4993.0
2026-07-15 08:00:00,57261.05,5594.8,4366.9,9191.5,23.3,23.6,5757.0,9477.0,6041.0,1318.0,5031.0
2026-07-15 09:00:00,59779.25,6182.5,4859.9,14215.4,24.7,25.1,6181.0,14884.0,6051.0,1318.0,5031.0
2026-07-15 10:00:00,62451.17,6520.1,5133.4,18123.5,25.7,26.5,6346.0,16791.0,6051.0,1318.0,5031.0
2026-07-15 11:00:00,65034.9,6723.1,5292.5,20374.1,24.5,26.3,6515.0,17223.0,6151.0,1318.0,5031.0
2026-07-15 12:00:00,67548.15,7095.1,5584.2,22045.3,24.9,27.5,6654.0,18554.0,6151.0,1318.0,5031.0
2026-07-15 13:00:00,69952.98,7731.1,6114.0,23271.8,26.3,26.5,6584.0,19864.0,6141.0,1318.0,5011.0
2026-07-15 14:00:00,71352.85,8631.8,6912.5,22600.2,26.3,27.6,6843.0,19191.0,6041.0,1318.0,5011.0
2026-07-15 15:00:00,72177.34,9598.8,7795.1,20647.2,27.0,27.7,7848.0,18899.0,6041.0,1318.0,5011.0
2026-07-15 16:00:00,72549.97,10727.9,8854.9,19125.9,27.0,27.8,9988.0,18311.0,6041.0,1318.0,5000.0
2026-07-15 17:00:00,72331.5,12077.9,10137.1,16410.5,27.0,27.5,12278.0,16725.0,6041.0,1318.0,4968.0
2026-07-15 18:00:00,71094.26,13296.3,11261.4,12126.8,26.5,27.7,13125.0,12928.0,6019.0,1296.0,4590.0
2026-07-15 19:00:00,69091.01,13769.4,11654.2,6267.7,26.7,25.1,12741.0,6948.0,6019.0,1296.0,4590.0
2026-07-15 20:00:00,67320.86,13878.5,10929.5,766.6,25.9,25.4,11967.0,949.0,6019.0,1296.0,4649.0
2026-07-15 21:00:00,66094.04,14183.1,11438.6,0.0,25.1,24.7,11926.0,0.0,6019.0,1296.0,4932.0
2026-07-15 22:00:00,62938.57,13666.8,10817.7,0.0,24.8,24.2,12560.0,0.0,6019.0,1296.0,4932.0
2026-07-15 23:00:00,59583.29,13495.5,10524.2,0.0,24.7,24.1,12580.0,0.0,5774.0,1296.0,4885.0
2026-07-16 00:00:00,55349.25,10970.4,10970.4,0.0,24.3,23.9,11578.0,0.0,7326.0,2063.0,4714.0
2026-07-16 01:00:00,53285.36,10277.7,10277.7,0.0,23.1,25.5,9969.0,0.0,7304.0,2063.0,4714.0
2026-07-16 02:00:00,51765.99,9399.5,9399.5,0.0,23.2,25.3,8634.0,0.0,7304.0,2063.0,4714.0
2026-07-16 03:00:00,50933.21,8597.6,8597.6,0.0,23.2,24.2,7948.0,0.0,7304.0,2063.0,4714.0
2026-07-16 04:00:00,50928.15,7904.7,7904.7,0.0,23.3,24.5,7403.0,0.0,7304.0,2063.0,4714.0
2026-07-16 05:00:00,52169.21,7367.1,7367.1,0.0,23.6,24.6,6807.0,0.0,7304.0,2063.0,4714.0
2026-07-16 06:00:00,53772.99,6929.9,6929.9,84.6,23.4,24.9,7322.0,59.0,7304.0,2063.0,4343.0
2026-07-16 07:00:00,54806.93,6738.8,6738.8,2732.3,23.4,25.6,7988.0,2054.0,7494.0,2063.0,4343.0
2026-07-16 08:00:00,56598.58,7075.2,7075.2,8464.8,25.1,26.5,8478.0,6882.0,7386.0,2063.0,4343.0
2026-07-16 09:00:00,59046.09,8043.1,8043.1,12813.1,27.4,28.0,10164.0,11654.0,7385.0,2063.0,4343.0
2026-07-16 10:00:00,62017.26,9220.1,9220.1,17218.0,28.6,29.4,11330.0,16645.0,7593.0,2267.0,4305.0
2026-07-16 11:00:00,65091.39,13543.7,10161.7,19690.0,28.7,30.7,11951.0,20510.0,7551.0,2267.0,4305.0
2026-07-16 12:00:00,67707.26,14585.6,11067.8,21612.0,29.8,31.4,12836.0,23201.0,7347.0,2063.0,4305.0
2026-07-16 13:00:00,70258.82,15756.5,12233.7,22922.8,30.1,32.4,14621.0,24993.0,7547.0,2263.0,4305.0
2026-07-16 14:00:00,71812.44,16875.2,13424.5,22728.7,31.2,32.7,15583.0,24137.0,7547.0,2263.0,4305.0
2026-07-16 15:00:00,72847.17,18109.4,14758.9,21462.4,31.4,32.4,16053.0,20296.0,7547.0,2263.0,4305.0
2026-07-16 16:00:00,72937.52,18553.7,15235.7,19903.5,31.4,30.8,15477.0,17914.0,7347.0,2063.0,4305.0
2026-07-16 17:00:00,72429.24,18701.0,15597.0,17166.8,30.4,29.9,15420.0,14573.0,7273.0,2043.0,4305.0
2026-07-16 18:00:00,70857.33,18853.1,15905.6,12812.6,29.1,29.6,14464.0,11025.0,7091.0,1861.0,4259.0
2026-07-16 19:00:00,68895.14,18178.3,15268.9,6378.0,28.7,29.6,15325.0,5025.0,7091.0,1861.0,4239.0
2026-07-16 20:00:00,67096.53,17579.8,14707.6,695.3,27.4,28.2,16199.0,629.0,6901.0,1861.0,4013.0
2026-07-16 21:00:00,65698.19,17305.7,14450.1,0.0,26.6,27.0,16412.0,0.0,6901.0,1861.0,4013.0
2026-07-16 22:00:00,63157.2,16982.6,14187.1,0.0,26.5,26.8,16012.0,0.0,6901.0,1861.0,4013.0
2026-07-16 23:00:00,60247.34,17290.2,14525.0,0.0,26.1,26.7,16153.0,0.0,6520.0,1816.0,3959.0
2026-07-17 00:00:00,57356.81,17937.7,15261.2,0.0,25.8,26.6,15739.0,0.0,7313.0,2140.0,4136.0
2026-07-17 01:00:00,55182.07,17836.6,15249.9,0.0,25.7,26.7,15074.0,0.0,7313.0,2140.0,4136.0
2026-07-17 02:00:00,53606.24,17501.9,15102.1,0.0,25.4,26.6,14471.0,0.0,7313.0,2140.0,4136.0
2026-07-17 03:00:00,52756.24,14528.3,14528.3,0.0,25.2,26.4,14550.0,0.0,7313.0,2140.0,4136.0
2026-07-17 04:00:00,52735.61,13926.1,13926.1,0.0,25.1,26.3,14785.0,0.0,7313.0,2140.0,4136.0
2026-07-17 05:00:00,53771.68,13530.1,13530.1,0.0,24.9,26.0,15451.0,0.0,7313.0,2140.0,4136.0
2026-07-17 06:00:00,54908.5,13239.8,13239.8,88.3,24.8,25.8,15970.0,85.0,7313.0,2140.0,4136.0
2026-07-17 07:00:00,56014.35,12543.8,12543.8,3151.4,25.4,25.9,15009.0,3155.0,7313.0,2140.0,4136.0
2026-07-17 08:00:00,58522.67,12411.3,12411.3,10053.5,26.8,27.2,14379.0,9759.0,7374.0,2140.0,4136.0
2026-07-17 09:00:00,61621.62,16225.8,13262.6,15288.7,28.3,29.0,16396.0,15790.0,7320.0,2129.0,4136.0
2026-07-17 10:00:00,65042.09,16507.0,13553.6,20267.7,29.4,30.2,15472.0,20163.0,7334.0,2129.0,4136.0
2026-07-17 11:00:00,68563.5,16718.7,13881.2,23418.4,30.2,31.2,15928.0,25071.0,7334.0,2129.0,4136.0
2026-07-17 12:00:00,71687.72,16890.8,14165.4,25580.3,31.1,31.9,16595.0,27837.0,7273.0,2129.0,4352.0
2026-07-17 13:00:00,74502.09,17563.9,14816.7,28116.7,32.4,32.8,16836.0,28540.0,7273.0,2129.0,4357.0
2026-07-17 14:00:00,75862.57,18287.6,15549.1,28102.3,33.2,33.2,16865.0,28699.0,7263.0,2129.0,4357.0
2026-07-17 15:00:00,76188.08,19414.1,16588.0,26957.5,33.8,33.2,17996.0,27891.0,7263.0,2129.0,4357.0
2026-07-17 16:00:00,76069.09,20027.6,17357.2,25514.7,35.0,32.1,19559.0,26184.0,7263.0,2129.0,4305.0
2026-07-17 17:00:00,75494.67,20763.2,18230.5,22942.3,34.9,31.9,20362.0,23535.0,7209.0,2129.0,4298.0
2026-07-17 18:00:00,73995.59,21353.4,18786.5,17773.4,32.6,31.0,21613.0,18519.0,6910.0,2089.0,4191.0
2026-07-17 19:00:00,71883.18,21028.5,18398.9,8095.3,29.6,30.2,21714.0,8944.0,6760.0,1939.0,4176.0
2026-07-17 20:00:00,69806.75,20590.7,17881.5,811.5,27.9,29.2,18643.0,764.0,6760.0,1939.0,4037.0
2026-07-17 21:00:00,68423.6,20203.1,17367.3,0.0,27.3,28.3,16234.0,1.0,6757.0,1939.0,4027.0
2026-07-17 22:00:00,65843.9,19874.1,17068.5,0.0,27.1,27.8,15587.0,1.0,6693.0,1939.0,4027.0
2026-07-17 23:00:00,62845.3,19612.9,16820.4,0.0,26.5,27.1,15957.0,0.0,5680.0,1350.0,3831.0
2026-07-18 00:00:00,60264.22,18642.3,18642.3,0.0,26.3,26.6,16343.0,0.0,8697.0,1994.0,5026.0
2026-07-18 01:00:00,57680.68,18357.2,18357.2,0.0,26.0,26.5,17014.0,1.0,8697.0,1994.0,5026.0
2026-07-18 02:00:00,55597.87,17915.3,17915.3,0.0,25.8,26.5,17588.0,1.0,8697.0,1994.0,5026.0
2026-07-18 03:00:00,54111.87,17561.8,17561.8,0.0,25.6,26.3,17655.0,1.0,8697.0,1994.0,5026.0
2026-07-18 04:00:00,53195.83,17227.7,17227.7,0.0,25.5,26.2,16926.0,1.0,8697.0,1994.0,5026.0
2026-07-18 05:00:00,53138.73,16825.2,16825.2,0.0,25.5,26.1,17231.0,1.0,8697.0,1994.0,5026.0
2026-07-18 06:00:00,52949.03,16286.0,16286.0,98.0,25.4,25.9,16886.0,62.0,8936.0,2233.0,5026.0
2026-07-18 07:00:00,53555.25,15235.2,15235.2,3928.0,25.5,25.8,15159.0,4215.0,8936.0,2233.0,5026.0
2026-07-18 08:00:00,56714.27,14793.0,14793.0,13848.8,26.6,27.0,13875.0,15142.0,8936.0,2233.0,4841.0
2026-07-18 09:00:00,60796.93,15106.1,15106.1,20999.1,27.9,28.6,17254.0,23266.0,8936.0,2233.0,4841.0
2026-07-18 10:00:00,65057.63,14356.5,14356.5,25306.1,29.0,29.9,16674.0,28694.0,8697.0,1994.0,4841.0
2026-07-18 11:00:00,69310.78,13017.6,13017.6,27736.7,30.0,30.8,14031.0,30686.0,8697.0,1994.0,4826.0
2026-07-18 12:00:00,73104.09,11950.4,11950.4,29136.5,31.1,31.5,12256.0,31094.0,8697.0,1994.0,4822.0
2026-07-18 13:00:00,76157.28,11448.0,11448.0,30242.0,32.6,32.5,11984.0,31352.0,8697.0,1994.0,4822.0
2026-07-18 14:00:00,78407.23,11686.2,11686.2,30140.8,33.9,33.0,12383.0,32074.0,8697.0,1994.0,4544.0
2026-07-18 15:00:00,79943.52,12223.6,12223.6,29430.3,35.9,33.3,13330.0,31561.0,8697.0,1994.0,4544.0
2026-07-18 16:00:00,80661.3,13168.7,13168.7,27663.1,36.8,33.5,15389.0,29542.0,8697.0,1994.0,4544.0
2026-07-18 17:00:00,80593.09,14227.5,14227.5,25447.9,36.5,33.1,18418.0,25663.0,7842.0,1994.0,4396.0
2026-07-18 18:00:00,79187.79,15015.9,15015.9,19946.5,35.4,32.4,20406.0,18657.0,7842.0,1994.0,4254.0
2026-07-18 19:00:00,76616.66,15046.2,15046.2,8631.9,32.1,31.2,20305.0,7577.0,7842.0,1994.0,4254.0
2026-07-18 20:00:00,73533.66,14944.5,14944.5,784.9,28.6,29.8,18260.0,597.0,7842.0,1994.0,4254.0
2026-07-18 21:00:00,71484.13,15381.7,15381.7,0.0,27.3,28.6,16526.0,1.0,7842.0,1994.0,4254.0
2026-07-18 22:00:00,68402.77,15784.7,15784.7,0.0,26.5,27.9,14699.0,0.0,7842.0,1994.0,4207.0
2026-07-18 23:00:00,64963.51,15552.0,15552.0,0.0,26.1,27.2,13523.0,0.0,7842.0,1994.0,4175.0
2026-07-19 00:00:00,61266.28,12425.8,12425.8,0.0,25.8,26.8,11654.0,0.0,8244.0,2251.0,4736.0
2026-07-19 01:00:00,58522.96,11120.8,11120.8,0.0,25.4,26.3,9713.0,0.0,8244.0,2251.0,4736.0
2026-07-19 02:00:00,56292.68,10154.1,10154.1,0.0,25.3,26.1,8789.0,0.0,8244.0,2251.0,4736.0
2026-07-19 03:00:00,54706.87,9752.1,9752.1,0.0,25.2,25.7,8699.0,0.0,8244.0,2251.0,4736.0
2026-07-19 04:00:00,53596.74,9010.4,9010.4,0.0,24.8,25.2,8821.0,0.0,8244.0,2251.0,4736.0
2026-07-19 05:00:00,53039.32,8445.2,8445.2,0.0,24.6,24.8,8474.0,0.0,8244.0,2251.0,4736.0
2026-07-19 06:00:00,52426.18,8020.2,8020.2,110.5,24.6,24.6,8116.0,81.0,8244.0,2251.0,4736.0
2026-07-19 07:00:00,52812.12,7020.7,7020.7,4698.3,24.6,24.8,8159.0,4463.0,8244.0,2251.0,4736.0
2026-07-19 08:00:00,56108.45,8374.7,6834.4,16450.5,26.1,26.1,7073.0,16134.0,8244.0,2251.0,4736.0
2026-07-19 09:00:00,60392.55,8338.7,6779.9,24351.1,27.4,27.7,8911.0,24952.0,8244.0,2251.0,4736.0
2026-07-19 10:00:00,64759.84,8303.2,6724.6,28503.9,28.4,29.0,9968.0,29830.0,8244.0,2251.0,4736.0
2026-07-19 11:00:00,69123.27,8041.5,6460.4,30584.1,29.6,30.3,9240.0,31781.0,8244.0,2251.0,4736.0
2026-07-19 12:00:00,72993.21,7958.2,6360.3,31463.9,30.7,31.4,8769.0,32224.0,8244.0,2251.0,4736.0
2026-07-19 13:00:00,76271.65,8250.8,6605.1,31492.7,31.7,32.4,7986.0,32539.0,8244.0,2251.0,4736.0
2026-07-19 14:00:00,78740.23,9092.3,7370.2,31410.1,32.6,33.2,8215.0,31973.0,8244.0,2251.0,4736.0
2026-07-19 15:00:00,80499.78,10211.0,8418.5,30878.2,34.6,33.5,8760.0,30930.0,8244.0,2251.0,4736.0
2026-07-19 16:00:00,81529.99,11420.9,9578.2,29266.7,35.6,33.8,10763.0,28624.0,8244.0,2251.0,4536.0
2026-07-19 17:00:00,81922.75,12750.0,10830.4,27010.0,35.8,33.7,10712.0,26372.0,8244.0,2251.0,4536.0
2026-07-19 18:00:00,80981.84,13862.5,11849.4,21582.3,35.4,33.4,11475.0,20414.0,8126.0,2251.0,4298.0
2026-07-19 19:00:00,78605.41,14270.8,12186.9,9566.2,34.4,32.9,12302.0,8583.0,8126.0,2251.0,4298.0
2026-07-19 20:00:00,75568.64,14405.7,12266.5,793.4,31.1,31.5,12797.0,629.0,8126.0,2251.0,4298.0
2026-07-19 21:00:00,73317.58,13063.8,13063.8,0.0,28.8,30.2,13971.0,0.0,8126.0,2251.0,4278.0
2026-07-19 22:00:00,69603.3,12336.7,12336.7,0.0,27.0,28.6,14082.0,0.0,8126.0,2251.0,4278.0
2026-07-19 23:00:00,65424.27,11998.3,11998.3,0.0,26.1,27.6,14764.0,0.0,6731.0,2251.0,4278.0
2026-07-20 00:00:00,62021.55,13055.7,13055.7,0.0,25.8,26.7,14861.0,0.0,6722.0,1860.0,4848.0
2026-07-20 01:00:00,59043.88,12539.1,12539.1,0.0,25.0,25.9,14576.0,0.0,6722.0,1860.0,4848.0
2026-07-20 02:00:00,56714.01,11945.3,11945.3,0.0,24.7,25.6,14590.0,0.0,6722.0,1860.0,4848.0
2026-07-20 03:00:00,55286.39,11326.0,11326.0,0.0,24.4,25.3,14116.0,0.0,6722.0,1860.0,4848.0
2026-07-20 04:00:00,54778.71,10426.5,10426.5,0.0,24.1,24.9,13360.0,0.0,6722.0,1860.0,4848.0
2026-07-20 05:00:00,55261.2,9602.3,9602.3,0.0,23.8,24.5,13166.0,0.0,6722.0,1860.0,4848.0
2026-07-20 06:00:00,56197.05,8965.2,8965.2,118.8,23.6,24.2,12622.0,79.0,6922.0,2060.0,4848.0
2026-07-20 07:00:00,57129.23,7307.0,7307.0,5412.7,23.7,24.4,10742.0,5614.0,6856.0,1955.0,4848.0
2026-07-20 08:00:00,60437.38,7486.7,6030.9,19202.3,25.4,26.2,7727.0,20378.0,6986.0,1955.0,4837.0
2026-07-20 09:00:00,64774.19,6936.2,5528.7,27554.7,26.7,27.6,7562.0,28984.0,6933.0,1944.0,4837.0
2026-07-20 10:00:00,69622.04,6685.2,5291.3,31273.3,27.5,28.7,6190.0,32343.0,6933.0,1744.0,4837.0
2026-07-20 11:00:00,74343.29,6232.3,4889.3,32994.3,28.4,29.8,4599.0,33067.0,6743.0,1744.0,4837.0
2026-07-20 12:00:00,78734.69,6021.3,4690.5,33580.3,29.5,31.0,4094.0,33431.0,6890.0,1744.0,4837.0
2026-07-20 13:00:00,82359.98,6277.3,4889.5,33508.2,30.6,32.6,5053.0,32938.0,6880.0,1744.0,4817.0
2026-07-20 14:00:00,84481.83,7085.3,5551.5,33320.7,31.9,33.6,6699.0,32549.0,6835.0,1699.0,4817.0
2026-07-20 15:00:00,85604.29,8091.4,6411.3,32941.5,33.6,34.3,7920.0,32255.0,6635.0,1699.0,4807.0
2026-07-20 16:00:00,86027.36,9167.4,7385.5,32760.6,35.8,34.6,8526.0,31776.0,6635.0,1699.0,4807.0
2026-07-20 17:00:00,86306.13,10399.6,8535.1,31086.4,36.4,34.6,9200.0,30222.0,6459.0,1629.0,4807.0
2026-07-20 18:00:00,85577.03,11674.6,9743.9,25466.6,35.8,34.1,10148.0,24172.0,6355.0,1625.0,4718.0
2026-07-20 19:00:00,83376.92,12689.3,10675.8,11131.7,35.6,33.6,11433.0,11004.0,6205.0,1475.0,4718.0
2026-07-20 20:00:00,79958.28,13749.9,11641.1,919.7,32.7,32.1,12254.0,797.0,6177.0,1447.0,5178.0
2026-07-20 21:00:00,77041.63,15375.3,13154.9,0.0,31.6,30.7,13824.0,0.0,6177.0,1447.0,5216.0
2026-07-20 22:00:00,72829.21,16940.5,14634.7,0.0,27.9,29.3,16488.0,0.0,6337.0,1447.0,5216.0
2026-07-20 23:00:00,68367.81,17755.8,15388.1,0.0,26.4,28.0,17416.0,0.0,6058.0,1447.0,5101.0
2026-07-21 00:00:00,64737.47,17072.1,17072.1,0.0,25.5,27.3,17473.0,0.0,5864.0,1519.0,5198.0
2026-07-21 01:00:00,61225.97,16151.7,16151.7,0.0,25.3,26.4,17049.0,0.0,5864.0,1519.0,5198.0
2026-07-21 02:00:00,58552.09,14740.1,14740.1,0.0,24.8,25.9,15679.0,0.0,5864.0,1519.0,5198.0
2026-07-21 03:00:00,56788.01,13222.1,13222.1,0.0,24.4,25.4,13877.0,0.0,5864.0,1519.0,5198.0
2026-07-21 04:00:00,56018.2,11621.3,11621.3,0.0,24.1,24.8,11533.0,0.0,5864.0,1519.0,5198.0
2026-07-21 05:00:00,56498.24,9848.6,9848.6,0.0,23.8,24.4,9493.0,0.0,5874.0,1529.0,5198.0
2026-07-21 06:00:00,57185.15,8095.8,8095.8,117.3,23.6,24.1,7287.0,73.0,5874.0,1529.0,4731.0
2026-07-21 07:00:00,57864.41,6526.3,6526.3,5936.6,23.6,24.1,5836.0,5391.0,5714.0,1529.0,4573.0
2026-07-21 08:00:00,60914.75,4516.8,4516.8,22246.0,25.1,25.4,3726.0,20752.0,5724.0,1539.0,4601.0
2026-07-21 09:00:00,65334.99,2841.5,2841.5,31511.9,26.3,27.3,2161.0,30163.0,5724.0,1539.0,4601.0
2026-07-21 10:00:00,70655.88,3002.9,1985.5,34252.2,27.3,28.8,1554.0,33657.0,5762.0,1539.0,4601.0
2026-07-21 11:00:00,75696.18,2221.7,1244.2,35331.5,28.5,30.4,1382.0,34375.0,5762.0,1539.0,4601.0
2026-07-21 12:00:00,80564.03,1866.1,893.1,35424.6,30.1,32.3,1288.0,34226.0,5644.0,1539.0,4601.0
2026-07-21 13:00:00,84714.53,2087.1,1092.9,34805.5,31.5,34.3,1399.0,34079.0,5634.0,1529.0,4601.0
2026-07-21 14:00:00,86865.78,2724.9,1686.5,34538.0,34.3,35.5,1950.0,33595.0,5589.0,1529.0,4601.0
2026-07-21 15:00:00,87848.22,3574.1,2470.9,34124.2,36.9,36.1,2760.0,32637.0,5589.0,1529.0,4601.0
2026-07-21 16:00:00,87970.04,4573.7,3359.6,33874.6,37.8,36.6,3502.0,31989.0,5579.0,1519.0,4562.0
2026-07-21 17:00:00,88288.8,5732.4,4355.3,32182.2,37.8,36.5,3949.0,30262.0,5579.0,1519.0,4562.0
2026-07-21 18:00:00,88060.31,6970.5,5372.0,26734.2,37.3,36.2,4317.0,24591.0,5524.0,1519.0,4438.0
2026-07-21 19:00:00,86336.89,8126.4,6341.8,11880.8,35.7,35.7,4824.0,11132.0,5524.0,1519.0,4438.0
2026-07-21 20:00:00,82756.24,9610.2,7678.3,981.0,32.0,34.3,6397.0,908.0,5524.0,1519.0,4704.0
2026-07-21 21:00:00,80095.18,11289.2,9231.3,0.0,30.1,32.8,7883.0,0.0,5524.0,1519.0,4704.0
2026-07-21 22:00:00,75999.69,12509.6,10358.2,0.0,29.1,31.8,8336.0,1.0,5524.0,1519.0,4825.0
2026-07-21 23:00:00,71547.8,12945.6,10735.4,0.0,27.8,31.2,8979.0,1.0,4940.0,1819.0,5226.0
2026-07-22 00:00:00,68310.62,10924.8,9393.0,0.0,26.6,30.6,9112.0,0.0,6248.0,2019.0,5636.0
2026-07-22 01:00:00,64709.55,10706.9,9164.9,0.0,26.8,29.2,8889.0,0.0,6248.0,2019.0,5636.0
2026-07-22 02:00:00,62168.42,10028.7,8493.9,0.0,26.1,28.3,8198.0,0.0,6248.0,2019.0,5636.0
2026-07-22 03:00:00,60224.43,9246.0,7737.4,0.0,25.5,27.6,6842.0,0.0,6648.0,2019.0,5636.0
2026-07-22 04:00:00,59224.02,8417.6,6951.0,0.0,25.2,27.2,5855.0,0.0,6648.0,2019.0,5636.0
2026-07-22 05:00:00,59602.95,7140.9,5785.8,0.0,24.6,26.8,4659.0,0.0,6248.0,2019.0,5636.0
2026-07-22 06:00:00,59922.08,5695.2,4500.2,107.5,24.3,26.5,3605.0,68.0,6248.0,2019.0,5578.0
2026-07-22 07:00:00,60507.83,4444.2,3355.8,5803.6,24.8,26.0,2710.0,5621.0,6248.0,2019.0,5078.0
2026-07-22 08:00:00,63291.19,2959.0,1959.1,21982.1,25.8,27.3,1305.0,20866.0,6248.0,2019.0,5106.0
2026-07-22 09:00:00,68065.3,1851.7,905.6,31509.7,27.2,29.1,577.0,29370.0,6398.0,2169.0,5106.0
2026-07-22 10:00:00,73590.11,1505.7,561.7,34593.7,28.9,31.6,398.0,32110.0,6108.0,1869.0,4655.0
2026-07-22 11:00:00,78880.99,1360.3,413.3,35319.1,30.5,34.3,555.0,33072.0,6175.0,1869.0,4655.0
2026-07-22 12:00:00,83712.79,1507.8,547.2,35255.4,32.5,36.5,1447.0,33484.0,5848.0,1719.0,4655.0
2026-07-22 13:00:00,87835.43,1990.7,1000.8,34147.5,35.9,38.0,1635.0,32862.0,5848.0,1719.0,4635.0
2026-07-22 14:00:00,89579.78,2768.3,1726.3,33895.1,39.2,38.6,1794.0,31967.0,5456.0,1719.0,4625.0
2026-07-22 15:00:00,90009.85,3864.8,2736.2,33220.5,40.4,38.9,2550.0,31513.0,5456.0,1719.0,4625.0
2026-07-22 16:00:00,89464.84,5119.6,3840.3,31549.5,40.4,39.6,3370.0,30545.0,5389.0,1719.0,4597.0
2026-07-22 17:00:00,88968.6,6568.9,5056.1,29313.7,40.4,34.1,4654.0,28708.0,5299.0,1639.0,4597.0
2026-07-22 18:00:00,88312.82,8138.2,6379.4,23535.3,40.3,33.9,6096.0,22825.0,5296.0,1639.0,4511.0
2026-07-22 19:00:00,87039.0,9586.2,7691.9,9976.1,34.2,36.1,7385.0,10470.0,5266.0,1639.0,4511.0
2026-07-22 20:00:00,84197.23,11158.3,9148.5,846.6,31.7,32.2,8690.0,1001.0,5266.0,1639.0,4643.0
2026-07-22 21:00:00,81855.01,12944.6,10819.0,0.0,29.2,31.3,10629.0,1.0,5246.0,1639.0,4712.0
2026-07-22 22:00:00,77769.19,14183.1,11957.9,0.0,27.6,30.8,12500.0,1.0,5246.0,1639.0,4912.0
2026-07-22 23:00:00,73269.92,14240.3,11967.8,0.0,27.8,30.6,12899.0,1.0,5169.0,1592.0,4785.0
2026-07-23 00:00:00,69599.65,12712.1,11098.1,0.0,28.0,30.0,12014.0,0.0,6412.0,1937.0,6071.0
2026-07-23 01:00:00,66224.12,11757.0,10178.8,0.0,27.1,28.8,10591.0,0.0,6421.0,1937.0,6071.0
2026-07-23 02:00:00,63572.12,10685.7,9129.9,0.0,27.6,28.4,10268.0,0.0,6421.0,1937.0,6071.0
2026-07-23 03:00:00,61806.1,9654.2,8124.8,0.0,27.7,28.0,9651.0,0.0,6421.0,1937.0,6477.0
2026-07-23 04:00:00,60933.27,8533.1,7058.3,0.0,27.8,27.7,8710.0,0.0,6621.0,1937.0,6414.0
2026-07-23 05:00:00,61289.34,7396.2,6008.8,0.0,27.3,27.5,8211.0,0.0,6621.0,1937.0,5958.0
2026-07-23 06:00:00,61765.84,6597.4,5294.0,92.5,27.0,27.3,6651.0,71.0,6031.0,1937.0,5604.0
2026-07-23 07:00:00,62206.83,5822.3,4596.0,5325.0,26.4,26.8,5025.0,5032.0,6034.0,1937.0,5404.0
2026-07-23 08:00:00,64806.09,4739.2,3610.5,20860.7,27.5,27.9,3619.0,18999.0,5979.0,1982.0,5432.0
2026-07-23 09:00:00,68661.28,4310.9,3211.7,30559.0,28.9,29.2,3852.0,27013.0,5928.0,1972.0,5432.0
2026-07-23 10:00:00,72877.64,4424.1,3302.1,32684.8,30.1,30.3,4153.0,29969.0,6022.0,1972.0,5432.0
2026-07-23 11:00:00,76739.3,4331.8,3209.3,33679.7,30.5,30.9,2926.0,30579.0,6134.0,1972.0,5432.0
2026-07-23 12:00:00,80208.74,4298.3,3169.2,33458.9,31.6,30.0,2185.0,30715.0,6016.0,1972.0,5432.0
2026-07-23 13:00:00,83248.86,4741.3,3550.6,31623.2,31.9,31.9,2192.0,30543.0,5922.0,1972.0,5432.0
2026-07-23 14:00:00,84799.78,5683.0,4362.0,31102.9,32.6,32.7,2973.0,29746.0,5922.0,1972.0,5432.0
2026-07-23 15:00:00,85348.4,6925.1,5394.7,30043.0,28.8,31.9,4993.0,27506.0,5922.0,1972.0,5409.0
2026-07-23 16:00:00,85349.16,8598.5,6854.5,27957.0,30.7,29.4,8544.0,25136.0,5810.0,1972.0,5360.0
2026-07-23 17:00:00,84855.11,10375.4,8509.4,25819.7,26.9,26.7,10953.0,22505.0,5813.0,1972.0,5360.0
2026-07-23 18:00:00,83629.03,12001.1,10059.6,20836.1,26.7,25.9,11638.0,18314.0,5810.0,1972.0,4683.0
2026-07-23 19:00:00,81664.65,13620.5,11565.2,8265.8,28.0,26.1,11584.0,8421.0,5752.0,1927.0,4647.0
2026-07-23 20:00:00,79097.68,15173.1,13007.4,738.1,27.3,25.6,12551.0,845.0,5752.0,1927.0,5001.0
2026-07-23 21:00:00,76893.92,16713.9,14459.4,0.0,26.7,25.4,15155.0,2.0,5752.0,1927.0,5401.0
2026-07-23 22:00:00,73425.31,17824.2,15503.8,0.0,26.5,25.4,16808.0,2.0,5752.0,1927.0,5601.0
2026-07-23 23:00:00,69614.97,18088.1,15711.3,0.0,26.4,26.2,16687.0,2.0,5118.0,1508.0,5584.0
2026-07-24 00:00:00,65446.25,18326.3,16565.9,0.0,26.2,26.5,14876.0,1.0,9002.0,2366.0,6562.0
2026-07-24 01:00:00,62550.59,17295.6,15552.0,0.0,26.4,26.0,14262.0,1.0,9002.0,2366.0,6562.0
2026-07-24 02:00:00,60291.76,16025.3,14309.6,0.0,26.3,25.8,15864.0,1.0,9002.0,2366.0,6230.0
2026-07-24 03:00:00,58609.94,14811.0,13134.0,0.0,26.1,25.8,15435.0,1.0,9002.0,2366.0,6230.0
2026-07-24 04:00:00,57902.85,13626.2,11972.2,0.0,25.8,25.7,14510.0,0.0,9002.0,2366.0,6230.0
2026-07-24 05:00:00,58072.91,12535.4,10903.0,0.0,25.8,25.7,12659.0,0.0,9002.0,2366.0,6230.0
2026-07-24 06:00:00,58753.8,9982.4,9982.4,64.2,25.5,25.8,10828.0,24.0,9002.0,2366.0,5594.0
2026-07-24 07:00:00,59535.73,8730.6,8730.6,4114.3,25.8,25.6,9739.0,3461.0,9088.0,2366.0,5394.0
2026-07-24 08:00:00,62248.17,7764.5,7764.5,16313.4,26.9,26.6,8217.0,14501.0,9088.0,2366.0,5394.0
2026-07-24 09:00:00,66155.99,7834.3,7834.3,24269.4,27.5,28.4,10631.0,22537.0,9179.0,2462.0,5394.0
2026-07-24 10:00:00,70323.52,7892.6,7892.6,27963.5,29.6,30.2,9839.0,26694.0,9179.0,2462.0,5394.0
2026-07-24 11:00:00,74217.66,7553.3,7553.3,29869.7,30.7,31.4,9004.0,28842.0,9460.0,2462.0,5394.0
2026-07-24 12:00:00,77783.85,7467.9,7467.9,30690.5,31.7,32.4,8624.0,29570.0,8716.0,2462.0,5394.0
2026-07-24 13:00:00,80867.51,7780.7,7780.7,31439.8,30.7,33.1,8802.0,30123.0,8716.0,2462.0,5394.0
2026-07-24 14:00:00,82412.3,8562.9,8562.9,30831.5,31.5,33.7,9745.0,30360.0,8616.0,2362.0,5394.0
2026-07-24 15:00:00,82891.78,9671.3,9671.3,29780.8,31.2,33.6,11051.0,29426.0,8410.0,2362.0,5394.0
2026-07-24 16:00:00,82905.41,11171.4,11171.4,28697.3,31.5,33.3,13342.0,28911.0,8280.0,2362.0,5394.0
2026-07-24 17:00:00,82691.06,15048.1,13028.9,26419.1,31.2,33.0,16667.0,26447.0,8275.0,2362.0,5295.0
2026-07-24 18:00:00,81887.27,16924.9,14789.6,20945.5,30.6,31.7,19714.0,20815.0,8231.0,2362.0,4595.0
2026-07-24 19:00:00,80206.11,18389.0,16202.9,9423.6,29.8,31.4,20949.0,9387.0,8078.0,2212.0,4634.0
2026-07-24 20:00:00,77460.87,19776.8,17534.0,763.7,28.1,30.1,20572.0,683.0,8078.0,2212.0,4729.0
2026-07-24 21:00:00,75351.32,21319.4,19075.2,0.0,27.1,28.8,20220.0,0.0,8078.0,2212.0,4823.0
2026-07-24 22:00:00,72222.97,22600.9,20364.0,0.0,26.5,28.1,20932.0,0.0,8078.0,2212.0,5001.0
2026-07-24 23:00:00,68629.13,23020.0,20776.4,0.0,26.2,27.7,20702.0,0.0,6996.0,2087.0,4800.0
2026-07-25 00:00:00,63789.75,22892.1,21090.8,0.0,25.9,27.4,20169.0,0.0,8369.0,2311.0,6262.0
2026-07-25 01:00:00,60925.71,22235.7,20366.7,0.0,26.2,26.6,18874.0,0.0,8369.0,2311.0,6262.0
2026-07-25 02:00:00,58674.94,21084.2,19176.3,0.0,26.0,26.3,18073.0,0.0,8369.0,2311.0,6262.0
2026-07-25 03:00:00,56833.7,19878.2,17998.1,0.0,25.8,26.1,16819.0,0.0,8369.0,2311.0,6262.0
2026-07-25 04:00:00,55640.01,18618.2,16790.0,0.0,25.5,25.8,15764.0,0.0,8369.0,2311.0,6232.0
2026-07-25 05:00:00,54983.02,17435.1,15638.8,0.0,25.1,25.5,15500.0,0.0,8369.0,2311.0,6232.0
2026-07-25 06:00:00,54551.81,16255.2,14488.6,61.5,24.8,25.2,16408.0,40.0,8369.0,2311.0,6083.0
2026-07-25 07:00:00,55211.87,14533.8,12830.4,4228.9,24.8,24.6,15676.0,4262.0,8352.0,2311.0,5683.0
2026-07-25 08:00:00,58552.09,13175.4,11515.1,17046.1,26.7,26.5,14699.0,18153.0,8352.0,2311.0,5683.0
2026-07-25 09:00:00,63181.03,12605.3,10944.2,25775.1,28.7,28.4,16088.0,27401.0,8352.0,2311.0,5683.0
2026-07-25 10:00:00,67939.76,11461.9,9790.7,29726.8,29.9,29.9,15459.0,31461.0,8707.0,2311.0,5683.0
2026-07-25 11:00:00,72394.32,9936.8,8249.9,31609.3,31.1,30.9,14246.0,32158.0,8707.0,2311.0,5683.0
2026-07-25 12:00:00,76409.24,8674.1,7029.9,32306.5,32.2,31.8,12506.0,33254.0,8707.0,2311.0,5683.0
2026-07-25 13:00:00,79612.33,7958.3,6331.2,32738.8,33.4,33.2,11539.0,33684.0,8352.0,2311.0,5683.0
2026-07-25 14:00:00,81633.11,8058.6,6397.7,32537.6,34.4,33.9,11172.0,33729.0,8352.0,2311.0,5683.0
2026-07-25 15:00:00,83003.18,8680.0,6956.6,31977.3,35.0,34.1,11274.0,33288.0,8352.0,2311.0,5683.0
2026-07-25 16:00:00,83529.65,9639.3,7831.1,31429.1,35.3,33.9,11699.0,31998.0,8234.0,2311.0,5662.0
2026-07-25 17:00:00,83518.77,10928.3,9051.8,29382.5,34.0,33.5,12158.0,29496.0,8234.0,2311.0,5662.0
2026-07-25 18:00:00,82597.09,12509.2,10547.2,23789.8,32.8,33.0,13381.0,23585.0,8234.0,2311.0,5021.0
2026-07-25 19:00:00,80546.39,14258.0,12175.3,10096.0,,,14776.0,10546.0,8231.0,2311.0,5082.0
2026-07-25 20:00:00,77534.92,16122.8,13929.7,825.1,,,15571.0,783.0,8231.0,2311.0,5069.0
2026-07-25 21:00:00,75298.77,18261.3,15979.2,0.0,,,17361.0,0.0,8231.0,2311.0,5069.0
2026-07-25 22:00:00,71899.16,20159.9,17802.5,0.0,,,19103.0,0.0,8231.0,2311.0,5206.0
2026-07-25 23:00:00,68224.23,21097.4,18735.2,0.0,,,20367.0,1.0,8158.0,2311.0,5028.0
